"question","tag"
"নামজারি সেবা কিভাবে পেতে পারি?","namjari_process"
"নামজারি সেবা পেতে কি করতে হবে?","namjari_process"
"খারিজ করতে চাই, কি করতে হবে?","namjari_process"
"অনলাইনে নামজারি করতে কি করতে হবে?","namjari_process"
"মিউটেশন করতে হলে কি করতে হবে?","namjari_process"
"নামজারি করার প্রক্রিয়া কিভাবে শুরু করব?","namjari_process"
"অনলাইনে ই-মিউটেশন আবেদন দেওয়ার ধাপগুলো কী?","namjari_process"
"নামজারি করতে কোন কোন কাগজপত্র লাগবে?","namjari_process"
"বিক্রয় দলিল হলে নামজারি করতে কী করতে হবে?","namjari_process"
"উত্তরাধিকার সূত্রে নামজারি কিভাবে করব?","namjari_process"
"নামজারি আবেদন কোথায় জমা দিতে হয়?","namjari_process"
"এসি ল্যান্ড অফিসে নামজারি করতে গেলে কী কী লাগে?","namjari_process"
"নামজারি ফি কত পড়ে?","namjari_process"
"অনলাইনে ফি পেমেন্ট কিভাবে করব?","namjari_process"
"মোবাইল থেকে নামজারি আবেদন করা যাবে কি?","namjari_process"
"land.gov.bd এ নামজারি কিভাবে করব?","namjari_process"
"নামজারির স্ট্যাটাস কিভাবে চেক করব?","namjari_process"
"আবেদন করার পর শুনানি কবে হয়?","namjari_process"
"শুনানিতে কি কি কাগজ দেখাতে হয়?","namjari_process"
"ক্রেতা বিক্রেতা না গেলে কি নামজারি হবে?","namjari_process"
"মিউটেশন রেজিস্ট্রেশন আর নামজারি কি একই জিনিস?","namjari_process"
"দলিল রেজিস্ট্রি হওয়ার পর কতদিনের মধ্যে নামজারি করতে হয়?","namjari_process"
"নামজারি করতে ঢাকায় কোথায় যেতে হয়?","namjari_process"
"ইউনিয়ন ডিজিটাল সেন্টার থেকে নামজারি করা যাবে কি?","namjari_process"
"নামের বানান ভুল হলে সংশোধন কিভাবে করব?","namjari_process"
"দাগ খতিয়ান মিল না হলে কি করতে হবে?","namjari_process"
"মৃত মালিকের ক্ষেত্রে উত্তরাধিকার সনদ লাগবে কি?","namjari_process"
"গিফট দলিলের নামজারি কিভাবে হবে?","namjari_process"
"হেবার দলিল হলে প্রক্রিয়া কী?","namjari_process"
"পাওয়ার অব অ্যাটর্নি দিয়ে নামজারি করা যাবে কি?","namjari_process"
"অংশীদারদের মধ্যে ভাগ হলে নামজারি কিভাবে করব?","namjari_process"
"নোটিস পাব না হলে কি করব?","namjari_process"
"আপত্তি এলে সমাধান কিভাবে করব?","namjari_process"
"আবেদন রিজেক্ট হলে আপিল কোথায় করব?","namjari_process"
"অনলাইন রিসিপ্ট বা চালান কিভাবে ডাউনলোড করব?","namjari_process"
"কিস্তিতে ফি দেওয়া যায় কি?","namjari_process"
"খাজনা বকেয়া থাকলে নামজারি হবে কি?","namjari_process"
"খাজনা কিভাবে পরিশোধ করে আবেদন দেব?","namjari_process"
"দাখিলা কপি কি আপলোড করতে হবে?","namjari_process"
"কাদের সাক্ষী লাগবে শুনানিতে?","namjari_process"
"জমির ম্যাপ বা নকশা লাগবে কি?","namjari_process"
"খতিয়ান বা পর্চা নম্বর না জানলে কি করব?","namjari_process"
"একাধিক খতিয়ান থাকলে আবেদন কিভাবে দেব?","namjari_process"
"এক আবেদনেই একাধিক দাগ নামজারি করা যাবে কি?","namjari_process"
"দলিল স্ক্যান করে আপলোড কিভাবে করব?","namjari_process"
"এনআইডি ও মোবাইল নম্বর ভেরিফাই কিভাবে করব?","namjari_process"
"এসএ বা আরএসের পার্থক্য থাকলে নামজারি কিভাবে হবে?","namjari_process"
"মিসকেস পেন্ডিং থাকলে আবেদন করা যাবে কি?","namjari_process"
"আদালতে মামলা চললে নামজারি হবে কি?","namjari_process"
"নামজারি করতে কতদিন সময় লাগে?","namjari_process"
"জরুরিভাবে নামজারি করার কোনো উপায় আছে কি?","namjari_process"
"সরকারি ছুটিতে আবেদন করা যাবে কি?","namjari_process"
"অন্যের হয়ে আবেদন করলে অথরাইজেশন কিভাবে দেব?","namjari_process"
"ফাইলে ঘাটতি দেখালে কী কীভাবে পূরণ করব?","namjari_process"
"হোল্ডিং ট্যাক্স বা ইউটিলিটি বিল দরকার হয় কি?","namjari_process"
"একই জমিতে একাধিক ক্রেতা হলে প্রক্রিয়া কী?","namjari_process"
"দলিলের ভলিউম পেজ না থাকলে কি করব?","namjari_process"
"সার্ভে আপডেটের পর নামজারি কি আবার করতে হবে?","namjari_process"
"অনলাইন শুনানিতে যোগ দেওয়া যাবে কি?","namjari_process"
"এসএমএস নোটিফিকেশন না এলে কিভাবে জানব?","namjari_process"
"আবেদন সংশোধন বা এডিট কিভাবে করব?","namjari_process"
"পুরোনো দলিল হলে কি অতিরিক্ত কাগজ লাগে?","namjari_process"
"ওয়ারিশানদের সম্মতি না থাকলে নামজারি হবে কি?","namjari_process"
"পৌরসভা এলাকায় নামজারি কোথায় করি?","namjari_process"
"ল্যান্ড অফিসে যেতে হবে নাকি সব অনলাইনে হবে?","namjari_process"
"মিউটেশনের পর পর্চা কিভাবে পাব?","namjari_process"
"নামজারি কেস নাম্বার দিয়ে ট্র্যাক কিভাবে করব?","namjari_process"
"দলিল রেজিস্ট্রি আর নামজারি একসঙ্গে করা যায় কি?","namjari_process"
"খতিয়ানে মালিকানা হালনাগাদ হলো কিনা কিভাবে বুঝব?","namjari_process"
"প্রত্যয়িত কপি লাগবে কি না?","namjari_process"
"ফাইল মুভমেন্ট কিভাবে দেখা যায়?","namjari_process"
"দলিলে ভুল থাকলে আগে সংশোধন করব নাকি সরাসরি নামজারি দেব?","namjari_process"
